code6,remain_size,ts_code,bond_short_name
125002,0.0,125002.SZ,万科转债
125009,0.0,125009.SZ,宝安转券
125069,0.0,125069.SZ,侨城转债
125301,0.0,125301.SZ,丝绸转债
126301,0.0,126301.SZ,丝绸转2
125629,0.0,125629.SZ,钢钒转债
125630,0.0,125630.SZ,铜都转债
125729,0.0,125729.SZ,燕京转债
125898,0.0,125898.SZ,鞍钢转债
125930,0.0,125930.SZ,丰原转债
125936,0.0,125936.SZ,华西转债
125959,0.0,125959.SZ,首钢转债
125302,0.0,125302.SZ,茂炼转债
110001,0.0,110001.SH,邯钢转债
100009,0.0,100009.SH,机场转债
100016,0.0,100016.SH,民生转债
110037,0.0,110037.SH,歌华转债
100087,0.0,100087.SH,水运转债
100096,0.0,100096.SH,云化转债
100117,0.0,100117.SH,西钢转债
100177,0.0,100177.SH,雅戈转债
100196,0.0,100196.SH,复星转债
100220,0.0,100220.SH,阳光转债
100236,0.0,100236.SH,桂冠转债
100001,0.0,100001.SH,南化转债
110317,0.0,110317.SH,营港转债
110418,0.0,110418.SH,江淮转债
100567,0.0,100567.SH,山鹰转债
100726,0.0,100726.SH,华电转债
100795,0.0,100795.SH,国电转债
126002,0.0,126002.SZ,万科转2
125488,0.0,125488.SZ,晨鸣转债
125822,0.0,125822.SZ,海化转债
125932,0.0,125932.SZ,华菱转债
125937,0.0,125937.SZ,金牛转债
110010,0.0,110010.SH,包钢转债
110036,0.0,110036.SH,招行转债
110219,0.0,110219.SH,南山转债
110874,0.0,110874.SH,创业转债
110325,0.0,110325.SH,华发转债
110423,0.0,110423.SH,柳化转债
110398,0.0,110398.SH,凯诺转债
125024,0.0,125024.SZ,招商转债
110488,0.0,110488.SH,天药转债
110232,0.0,110232.SH,金鹰转债
110021,0.0,110021.SH,上电转债
128031,0.0,128031.SZ,巨轮转债
125717,0.0,125717.SZ,韶钢转债
110078,0.0,110078.SH,澄星转债
125960,0.0,125960.SZ,锡业转债
110026,0.0,110026.SH,中海转债
110567,0.0,110567.SH,山鹰转债
110971,0.0,110971.SH,恒源转债
110227,0.0,110227.SH,赤化转债
125709,0.0,125709.SZ,唐钢转债
110598,0.0,110598.SH,大荒转债
125572,0.0,125572.SZ,海马转债
110368,0.0,110368.SH,五洲转债
125528,0.0,125528.SZ,柳工转债
110002,0.0,110002.SH,南山转债
110003,0.0,110003.SH,新钢转债
110004,0.0,110004.SH,厦工转债
110005,0.0,110005.SH,西洋转债
110006,0.0,110006.SH,龙盛转债
125969,0.0,125969.SZ,安泰转债
110007,0.0,110007.SH,博汇转债
110008,0.0,110008.SH,王府转债
110009,0.0,110009.SH,双良转债
113001,0.0,113001.SH,中行转债
125731,0.0,125731.SZ,美丰转债
126630,0.0,126630.SZ,铜陵转债
128233,0.0,128233.SZ,塔牌转债
113002,0.0,113002.SH,工行转债
126729,0.0,126729.SZ,燕京转债
110011,0.0,110011.SH,歌华转债
110012,0.0,110012.SH,海运转债
110013,0.0,110013.SH,国投转债
125887,0.0,125887.SZ,中鼎转债
110015,0.0,110015.SH,石化转债
110016,0.0,110016.SH,川投转债
125089,0.0,125089.SZ,深机转债
129031,0.0,129031.SZ,巨轮转2
110017,0.0,110017.SH,中海转债
110018,0.0,110018.SH,国电转债
110019,0.0,110019.SH,恒丰转债
113003,0.0,113003.SH,重工转债
110020,0.0,110020.SH,南山转债
110022,0.0,110022.SH,同仁转债
127001,0.0,127001.SZ,海直转债
128001,0.0,128001.SZ,泰尔转债
110023,0.0,110023.SH,民生转债
128002,0.0,128002.SZ,东华转债
128003,0.0,128003.SZ,华天转债
110024,0.0,110024.SH,隧道转债
127002,0.0,127002.SZ,徐工转债
113005,0.0,113005.SH,平安转债
113006,0.0,113006.SH,深燃转债
128004,0.0,128004.SZ,久立转债
128005,0.0,128005.SZ,齐翔转债
110025,0.0,110025.SH,国金转债
128006,0.0,128006.SZ,长青转债
110027,0.0,110027.SH,东方转债
110028,0.0,110028.SH,冠城转债
128007,0.0,128007.SZ,通鼎转债
113007,0.0,113007.SH,吉视转债
128008,0.0,128008.SZ,齐峰转债
110029,0.0,110029.SH,浙能转债
113501,0.0,113501.SH,洛钼转债
128009,0.0,128009.SZ,歌尔转债
110030,0.0,110030.SH,格力转债
113008,0.0,113008.SH,电气转债
110031,0.0,110031.SH,航信转债
123001,0.0,123001.SZ,蓝标转债
110032,0.0,110032.SH,三一转债
110033,0.0,110033.SH,国贸转债
110034,0.0,110034.SH,九州转债
113009,0.0,113009.SH,广汽转债
128010,0.0,128010.SZ,蔚蓝转债
110035,0.0,110035.SH,白云转债
128011,0.0,128011.SZ,汽模转债
113010,0.0,113010.SH,江南转债
128012,0.0,128012.SZ,辉丰转债
127003,0.0,127003.SZ,海印转债
128013,0.0,128013.SZ,洪涛转债
113011,0.0,113011.SH,光大转债
113012,0.0,113012.SH,骆驼转债
128014,0.0,128014.SZ,永东转债
127004,0.0,127004.SZ,模塑转债
128015,0.0,128015.SZ,久其转债
113013,0.0,113013.SH,国君转债
128016,0.0,128016.SZ,雨虹转债
145901,0.0,145901.SH,17伏泰转
145900,0.0,145900.SH,17旭杰转
117103,0.0,117103.SZ,蓝天转S1
113014,0.0,113014.SH,林洋转债
128017,0.0,128017.SZ,金禾转债
113015,0.0,113015.SH,隆基转债
128018,0.0,128018.SZ,时达转债
113016,0.0,113016.SH,小康转债
128019,0.0,128019.SZ,久立转2
113502,0.0,113502.SH,嘉澳转债
110038,0.0,110038.SH,济川转债
110039,0.0,110039.SH,宝信转债
128020,0.0,128020.SZ,水晶转债
123002,0.0,123002.SZ,国祯转债
110040,0.0,110040.SH,生益转债
128021,0.0,128021.SZ,兄弟转债
128022,0.0,128022.SZ,众信转债
128023,0.0,128023.SZ,亚太转债
128024,0.0,128024.SZ,宁行转债
128025,0.0,128025.SZ,特一转债
123003,0.0,123003.SZ,蓝思转债
128026,0.0,128026.SZ,众兴转债
128027,0.0,128027.SZ,崇达转债
113503,0.0,113503.SH,泰晶转债
121001,0.0,121001.SZ,价值转S
123004,0.0,123004.SZ,铁汉转债
123005,0.0,123005.SZ,万信转债
123006,0.0,123006.SZ,东财转债
128028,0.0,128028.SZ,赣锋转债
128029,0.0,128029.SZ,太阳转债
128030,0.0,128030.SZ,天康转债
110041,0.0,110041.SH,蒙电转债
128032,0.0,128032.SZ,双环转债
110042,0.0,110042.SH,航电转债
113017,0.0,113017.SH,吉视转债
128033,0.0,128033.SZ,迪龙转债
123007,0.0,123007.SZ,道氏转债
113018,0.0,113018.SH,常熟转债
128034,0.0,128034.SZ,江银转债
110043,0.0,110043.SH,无锡转债
123008,0.0,123008.SZ,康泰转债
128035,0.0,128035.SZ,大族转债
145951,0.0,145951.SH,18君实转
113019,0.0,113019.SH,玲珑转债
113504,0.0,113504.SH,艾华转债
113505,0.0,113505.SH,杭电转债
123009,0.0,123009.SZ,星源转债
128036,0.0,128036.SZ,金农转债
127005,0.0,127005.SZ,长证转债
127006,0.0,127006.SZ,敖东转债
128037,0.0,128037.SZ,岩土转债
128038,0.0,128038.SZ,利欧转债
113506,0.0,113506.SH,鼎信转债
113507,0.0,113507.SH,天马转债
113508,0.0,113508.SH,新凤转债
121002,0.0,121002.SZ,合佳转S1
113509,0.0,113509.SH,新泉转债
121003,0.0,121003.SZ,紫科转S1
128039,0.0,128039.SZ,三力转债
128040,0.0,128040.SZ,华通转债
113510,0.0,113510.SH,再升转债
113511,0.0,113511.SH,千禾转债
110044,0.0,110044.SH,广电转债
127007,0.0,127007.SZ,湖广转债
123010,0.0,123010.SZ,博世转债
113512,0.0,113512.SH,景旺转债
113513,0.0,113513.SH,安井转债
110045,0.0,110045.SH,海澜转债
128041,0.0,128041.SZ,盛路转债
123011,0.0,123011.SZ,德尔转债
113514,0.0,113514.SH,威帝转债
123012,0.0,123012.SZ,万顺转债
113515,0.0,113515.SH,高能转债
123013,0.0,123013.SZ,横河转债
123014,0.0,123014.SZ,凯发转债
128042,0.0,128042.SZ,凯中转债
128043,0.0,128043.SZ,东音转债
113516,0.0,113516.SH,苏农转债
113517,0.0,113517.SH,曙光转债
123015,99994800.0,123015.SZ,蓝盾转退
128044,358998200.0,128044.SZ,岭南转债
128045,0.0,128045.SZ,机电转债
113518,0.0,113518.SH,顾家转债
128046,0.0,128046.SZ,利尔转债
128047,0.0,128047.SZ,光电转债
123016,0.0,123016.SZ,洲明转债
113519,0.0,113519.SH,长久转债
113520,0.0,113520.SH,百合转债
128048,0.0,128048.SZ,张行转债
127008,0.0,127008.SZ,特发转债
113521,0.0,113521.SH,科森转债
113020,0.0,113020.SH,桐昆转债
123017,0.0,123017.SZ,寒锐转债
110046,0.0,110046.SH,圆通转债
110047,0.0,110047.SH,山鹰转债
113522,0.0,113522.SH,旭升转债
128049,0.0,128049.SZ,华源转债
110048,0.0,110048.SH,福能转债
113523,0.0,113523.SH,伟明转债
128050,0.0,128050.SZ,钧达转债
113524,0.0,113524.SH,奇精转债
128051,0.0,128051.SZ,光华转债
113525,0.0,113525.SH,台华转债
110049,0.0,110049.SH,海尔转债
110050,0.0,110050.SH,佳都转债
123018,0.0,123018.SZ,溢利转债
128052,0.0,128052.SZ,凯龙转债
127009,0.0,127009.SZ,冰轮转债
127010,0.0,127010.SZ,平银转债
113526,0.0,113526.SH,联泰转债
113527,0.0,113527.SH,维格转债
128053,0.0,128053.SZ,尚荣转债
128054,0.0,128054.SZ,中宠转债
123019,0.0,123019.SZ,中来转债
128055,0.0,128055.SZ,长青转2
128056,0.0,128056.SZ,今飞转债
110051,0.0,110051.SH,中天转债
113528,0.0,113528.SH,长城转债
123020,0.0,123020.SZ,富祥转债
113021,0.0,113021.SH,中信转债
123021,0.0,123021.SZ,万信转2
110052,0.0,110052.SH,贵广转债
128057,0.0,128057.SZ,博彦转债
128058,0.0,128058.SZ,拓邦转债
127011,0.0,127011.SZ,中鼎转2
128059,0.0,128059.SZ,视源转债
113529,0.0,113529.SH,绝味转债
113022,0.0,113022.SH,浙商转债
110053,0.0,110053.SH,苏银转债
110055,0.0,110055.SH,伊力转债
110054,0.0,110054.SH,通威转债
123022,0.0,123022.SZ,长信转债
110056,0.0,110056.SH,亨通转债
123023,0.0,123023.SZ,迪森转债
123024,0.0,123024.SZ,岱勒转债
127012,0.0,127012.SZ,招路转债
128060,0.0,128060.SZ,中装转债
128061,0.0,128061.SZ,启明转债
113530,0.0,113530.SH,大丰转债
113531,0.0,113531.SH,百姓转债
123025,0.0,123025.SZ,精测转债
110057,0.0,110057.SH,现代转债
128062,0.0,128062.SZ,亚药转债
113532,0.0,113532.SH,海环转债
113533,0.0,113533.SH,参林转债
128063,0.0,128063.SZ,未来转债
128064,0.0,128064.SZ,司尔转债
113024,0.0,113024.SH,核建转债
113534,0.0,113534.SH,鼎胜转债
113025,0.0,113025.SH,明泰转债
113026,0.0,113026.SH,核能转债
127013,0.0,127013.SZ,创维转债
128065,0.0,128065.SZ,雅化转债
110058,0.0,110058.SH,永鼎转债
128066,0.0,128066.SZ,亚泰转债
128067,0.0,128067.SZ,一心转债
113535,0.0,113535.SH,大业转债
113536,0.0,113536.SH,三星转债
128068,0.0,128068.SZ,和而转债
113537,0.0,113537.SH,文灿转债
123026,0.0,123026.SZ,中环转债
123027,0.0,123027.SZ,蓝晓转债
113027,0.0,113027.SH,华钰转债
113028,0.0,113028.SH,环境转债
123028,0.0,123028.SZ,清水转债
128069,0.0,128069.SZ,华森转债
113538,0.0,113538.SH,安图转债
128070,0.0,128070.SZ,智能转债
113539,0.0,113539.SH,圣达转债
113540,0.0,113540.SH,南威转债
113541,0.0,113541.SH,荣晟转债
113542,0.0,113542.SH,好客转债
113543,0.0,113543.SH,欧派转债
123029,0.0,123029.SZ,英科转债
128071,0.0,128071.SZ,合兴转债
128072,0.0,128072.SZ,翔鹭转债
123030,0.0,123030.SZ,九洲转债
128073,0.0,128073.SZ,哈尔转债
123031,0.0,123031.SZ,晶瑞转债
113544,0.0,113544.SH,桃李转债
128074,0.0,128074.SZ,游族转债
128075,0.0,128075.SZ,远东转债
123032,0.0,123032.SZ,万里转债
113545,0.0,113545.SH,金能转债
128076,0.0,128076.SZ,金轮转债
128077,0.0,128077.SZ,华夏转债
128079,0.0,128079.SZ,英联转债
128078,0.0,128078.SZ,太极转债
113546,0.0,113546.SH,迪贝转债
113547,0.0,113547.SH,索发转债
127014,0.0,127014.SZ,北方转债
110059,0.0,110059.SH,浦发转债
110060,0.0,110060.SH,天路转债
113548,0.0,113548.SH,石英转债
123033,0.0,123033.SZ,金力转债
123034,0.0,123034.SZ,通光转债
110061,0.0,110061.SH,川投转债
123035,0.0,123035.SZ,利德转债
113549,0.0,113549.SH,白电转债
113550,0.0,113550.SH,常汽转债
113551,0.0,113551.SH,福特转债
128080,0.0,128080.SZ,顺丰转债
128081,0.0,128081.SZ,海亮转债
113552,0.0,113552.SH,克来转债
110062,0.0,110062.SH,烽火转债
128082,0.0,128082.SZ,华锋转债
124001,0.0,124001.SZ,劲刚定转
123036,0.0,123036.SZ,先导转债
128083,0.0,128083.SZ,新北转债
113553,0.0,113553.SH,金牌转债
110063,0.0,110063.SH,鹰19转债
113029,0.0,113029.SH,明阳转债
128084,0.0,128084.SZ,木森转债
113554,0.0,113554.SH,仙鹤转债
128085,336867100.0,128085.SZ,鸿达转债
128086,0.0,128086.SZ,国轩转债
128087,0.0,128087.SZ,孚日转债
113557,0.0,113557.SH,森特转债
113555,0.0,113555.SH,振德转债
123037,0.0,123037.SZ,新莱转债
113556,0.0,113556.SH,至纯转债
110064,0.0,110064.SH,建工转债
113558,0.0,113558.SH,日月转债
110065,0.0,110065.SH,淮矿转债
113559,0.0,113559.SH,永创转债
113030,0.0,113030.SH,东风转债
128088,0.0,128088.SZ,深南转债
123038,0.0,123038.SZ,联得转债
123039,0.0,123039.SZ,开润转债
128089,0.0,128089.SZ,麦米转债
128090,0.0,128090.SZ,汽模转2
110800,0.0,110800.SH,赛腾定转
128092,0.0,128092.SZ,唐人转债
128091,0.0,128091.SZ,新天转债
124002,15851288.4,124002.SZ,华铭定转
113561,0.0,113561.SH,正裕转债
113562,0.0,113562.SH,璞泰转债
128093,0.0,128093.SZ,百川转债
123040,0.0,123040.SZ,乐普转债
127015,0.0,127015.SZ,希望转债
113031,0.0,113031.SH,博威转债
123041,0.0,123041.SZ,东财转2
123042,0.0,123042.SZ,银河转债
124003,0.0,124003.SZ,必创定转
128094,0.0,128094.SZ,星帅转债
113563,0.0,113563.SH,柳药转债
124004,0.0,124004.SZ,中京定转
128096,0.0,128096.SZ,奥瑞转债
128095,0.0,128095.SZ,恩捷转债
128097,0.0,128097.SZ,奥佳转债
113565,0.0,113565.SH,宏辉转债
124005,0.0,124005.SZ,中京定02
113566,0.0,113566.SH,翔港转债
113564,0.0,113564.SH,天目转债
113032,0.0,113032.SH,桐20转债
110066,0.0,110066.SH,盛屯转债
113567,0.0,113567.SH,君禾转债
128098,0.0,128098.SZ,康弘转债
123043,0.0,123043.SZ,正元转债
113568,0.0,113568.SH,新春转债
113569,0.0,113569.SH,科达转债
113570,0.0,113570.SH,百达转债
128099,0.0,128099.SZ,永高转债
110067,0.0,110067.SH,华安转债
113571,0.0,113571.SH,博特转债
113572,0.0,113572.SH,三祥转债
123044,0.0,123044.SZ,红相转债
123045,0.0,123045.SZ,雷迪转债
128100,784038400.0,128100.SZ,搜特转债
128101,0.0,128101.SZ,联创转债
124006,0.0,124006.SZ,高新定转
128102,0.0,128102.SZ,海大转债
123046,0.0,123046.SZ,天铁转债
124007,0.0,124007.SZ,雷科定转
123047,0.0,123047.SZ,久吾转债
110068,0.0,110068.SH,龙净转债
128103,0.0,128103.SZ,同德转债
113574,0.0,113574.SH,华体转债
113033,0.0,113033.SH,利群转债
110069,0.0,110069.SH,瀚蓝转债
128104,0.0,128104.SZ,裕同转债
110805,0.0,110805.SH,中闽定01
113575,62400000.0,113575.SH,东时转债
127016,0.0,127016.SZ,鲁泰转债
128105,0.0,128105.SZ,长集转债
113034,0.0,113034.SH,滨化转债
113576,0.0,113576.SH,起步转债
128106,0.0,128106.SZ,华统转债
123048,0.0,123048.SZ,应急转债
110070,0.0,110070.SH,凌钢转债
123049,0.0,123049.SZ,维尔转债
113577,0.0,113577.SH,春秋转债
123050,0.0,123050.SZ,聚飞转债
113573,0.0,113573.SH,纵横转债
124008,0.0,124008.SZ,辉隆定转
113578,0.0,113578.SH,全筑转债
128107,0.0,128107.SZ,交科转债
113580,0.0,113580.SH,康隆转债
113579,0.0,113579.SH,健友转债
113581,0.0,113581.SH,龙蟠转债
124009,0.0,124009.SZ,辉隆定02
124010,0.0,124010.SZ,科斯定转
110801,0.0,110801.SH,继峰定01
110802,0.0,110802.SH,继峰定02
110803,0.0,110803.SH,国泰定01
124011,0.0,124011.SZ,必创定02
110809,0.0,110809.SH,天业定01
113035,0.0,113035.SH,福莱转债
113582,0.0,113582.SH,火炬转债
128108,0.0,128108.SZ,蓝帆转债
124012,0.0,124012.SZ,雷科定02
113583,0.0,113583.SH,益丰转债
127017,0.0,127017.SZ,万青转债
123051,0.0,123051.SZ,今天转债
128109,0.0,128109.SZ,楚江转债
113584,0.0,113584.SH,家悦转债
123052,0.0,123052.SZ,飞鹿转债
123053,0.0,123053.SZ,宝通转债
113586,0.0,113586.SH,上机转债
113585,0.0,113585.SH,寿仙转债
124013,0.0,124013.SZ,劲刚定02
128110,0.0,128110.SZ,永兴转债
123054,0.0,123054.SZ,思特转债
128111,0.0,128111.SZ,中矿转债
128112,0.0,128112.SZ,歌尔转2
113587,0.0,113587.SH,泛微转债
128113,0.0,128113.SZ,比音转债
128114,29159300.0,128114.SZ,正邦转债
113588,0.0,113588.SH,润达转债
123055,0.0,123055.SZ,晨光转债
128115,0.0,128115.SZ,巨星转债
123056,0.0,123056.SZ,雪榕转债
113589,0.0,113589.SH,天创转债
113590,0.0,113590.SH,海容转债
128116,0.0,128116.SZ,瑞达转债
127018,0.0,127018.SZ,本钢转债
113591,0.0,113591.SH,胜达转债
123057,0.0,123057.SZ,美联转债
128117,0.0,128117.SZ,道恩转债
128118,0.0,128118.SZ,瀛通转债
113036,0.0,113036.SH,宁建转债
113592,0.0,113592.SH,安20转债
110071,0.0,110071.SH,湖盐转债
128119,0.0,128119.SZ,龙大转债
123058,0.0,123058.SZ,欣旺转债
127019,0.0,127019.SZ,国城转债
123059,0.0,123059.SZ,银信转债
128121,0.0,128121.SZ,宏川转债
128120,0.0,128120.SZ,联诚转债
113593,0.0,113593.SH,沪工转债
127020,0.0,127020.SZ,中金转债
113594,0.0,113594.SH,淳中转债
113595,0.0,113595.SH,花王转债
123060,0.0,123060.SZ,苏试转债
123061,0.0,123061.SZ,航新转债
113037,0.0,113037.SH,紫银转债
128122,0.0,128122.SZ,兴森转债
124014,0.0,124014.SZ,华铭定02
110073,0.0,110073.SH,国投转债
123062,0.0,123062.SZ,三超转债
128123,0.0,128123.SZ,国光转债
110806,0.0,110806.SH,中闽定02
113596,0.0,113596.SH,城地转债
123063,0.0,123063.SZ,大禹转债
128124,224020600.0,128124.SZ,科华转债
113597,294641742.48,113597.SH,佳力转债
128125,449558900.0,128125.SZ,华阳转债
113598,0.0,113598.SH,法兰转债
113038,0.0,113038.SH,隆20转债
113599,0.0,113599.SH,嘉友转债
124015,0.0,124015.SZ,北新定转
128126,0.0,128126.SZ,赣锋转2
110807,0.0,110807.SH,动力定01
127021,0.0,127021.SZ,特发转2
113600,0.0,113600.SH,新星转债
110072,2881556000.0,110072.SH,广汇转债
110074,75536744.9,110074.SH,精达转债
128127,766188600.0,128127.SZ,文科转债
128128,678989100.0,128128.SZ,齐翔转2
110808,0.0,110808.SH,动力定02
113601,0.0,113601.SH,塞力转债
113039,285386008.5,113039.SH,嘉泽转债
113602,0.0,113602.SH,景20转债
128129,4999632500.0,128129.SZ,青农转债
128130,0.0,128130.SZ,景兴转债
123064,597602000.0,123064.SZ,万孚转债
123065,217994200.0,123065.SZ,宝莱转债
128131,0.0,128131.SZ,崇达转2
110804,0.0,110804.SH,国泰定02
128132,0.0,128132.SZ,交建转债
123066,0.0,123066.SZ,赛意转债
123067,0.0,123067.SZ,斯莱转债
128133,0.0,128133.SZ,奇正转债
113603,0.0,113603.SH,东缆转债
110811,0.0,110811.SH,神马定01
128134,1568624800.0,128134.SZ,鸿路转债
113604,0.0,113604.SH,多伦转债
110075,5895925000.92,110075.SH,南航转债
123068,0.0,123068.SZ,弘信转债
127022,0.0,127022.SZ,恒逸转债
123069,0.0,123069.SZ,金诺转债
128135,1339819100.0,128135.SZ,洽洽转债
123070,0.0,123070.SZ,鹏辉转债
123071,693664400.0,123071.SZ,天能转债
123072,141780800.0,123072.SZ,乐歌转债
113040,0.0,113040.SH,星宇转债
113605,1404523000.0,113605.SH,大参转债
127023,0.0,127023.SZ,华菱转2
123073,0.0,123073.SZ,同和转债
123074,0.0,123074.SZ,隆利转债
113606,0.0,113606.SH,荣泰转债
113607,0.0,113607.SH,伟20转债
110076,1842381000.0,110076.SH,华海转债
123075,0.0,123075.SZ,贝斯转债
113041,0.0,113041.SH,紫金转债
128136,2984834100.0,128136.SZ,立讯转债
127024,0.0,127024.SZ,盈峰转债
128137,0.0,128137.SZ,洁美转债
127025,1776383800.0,127025.SZ,冀东转债
113608,0.0,113608.SH,威派转债
124016,0.0,124016.SZ,TCL定转1
124017,0.0,124017.SZ,TCL定转2
128138,419860600.0,128138.SZ,侨银转债
123076,339268200.0,123076.SZ,强力转债
110077,611103581.16,110077.SH,洪城转债
123077,0.0,123077.SZ,汉得转债
113609,0.0,113609.SH,永安转债
123078,0.0,123078.SZ,飞凯转债
113610,252785005.0,113610.SH,灵康转债
128139,0.0,128139.SZ,祥鑫转债
113611,0.0,113611.SH,福20转债
123079,0.0,123079.SZ,运达转债
123080,148547100.0,123080.SZ,海波转债
123081,0.0,123081.SZ,精研转债
128140,0.0,128140.SZ,润建转债
123082,0.0,123082.SZ,北陆转债
113612,0.0,113612.SH,永冠转债
127026,0.0,127026.SZ,超声转债
123083,0.0,123083.SZ,朗新转债
113043,3799362007.5,113043.SH,财通转债
127027,1946349400.0,127027.SZ,能化转债
123084,0.0,123084.SZ,高澜转债
123085,0.0,123085.SZ,万顺转2
123086,0.0,123086.SZ,海兰转债
113044,0.0,113044.SH,大秦转债
123088,300427500.0,123088.SZ,威唐转债
123087,0.0,123087.SZ,明电转债
113614,0.0,113614.SH,健20转债
128141,0.0,128141.SZ,旺能转债
128142,717779000.0,128142.SZ,新乳转债
123089,0.0,123089.SZ,九洲转2
123090,498377400.0,123090.SZ,三诺转债
113615,495824000.0,113615.SH,金诚转债
123091,548103400.0,123091.SZ,长海转债
123092,341568700.0,123092.SZ,天壕转债
113616,2432335045.88,113616.SH,韦尔转债
124018,0.0,124018.SZ,易成定转
110810,0.0,110810.SH,天业定02
127028,0.0,127028.SZ,英特转债
128143,0.0,128143.SZ,锋龙转债
113618,0.0,113618.SH,美诺转债
123093,0.0,123093.SZ,金陵转债
113619,0.0,113619.SH,世运转债
123094,0.0,123094.SZ,星源转2
123095,,123095.SZ,日升转债
113042,19977488741.38,113042.SH,上银转债
113621,0.0,113621.SH,彤程转债
123096,0.0,123096.SZ,思创转债
123097,0.0,123097.SZ,美力转债
123098,0.0,123098.SZ,一品转债
124019,0.0,124019.SZ,容大定转
123099,202250600.0,123099.SZ,普利转退
123100,0.0,123100.SZ,朗科转债
118000,0.0,118000.SH,嘉元转债
128144,0.0,128144.SZ,利民转债
113045,0.0,113045.SH,环旭转债
113620,0.0,113620.SH,傲农转债
123101,0.0,123101.SZ,拓斯转债
123103,0.0,123103.SZ,震安转债
123102,0.0,123102.SZ,华自转债
123104,969872200.0,123104.SZ,卫宁转债
123105,0.0,123105.SZ,拓尔转债
127029,0.0,127029.SZ,中钢转债
113046,1499196000.0,113046.SH,金田转债
127030,4997429900.0,127030.SZ,盛虹转债
128145,0.0,128145.SZ,日丰转债
123106,0.0,123106.SZ,正丹转债
127031,999917200.0,127031.SZ,洋丰转债
113622,0.0,113622.SH,杭叉转债
110813,0.0,110813.SH,海正定转
110079,0.0,110079.SH,杭银转债
123107,7706345000.0,123107.SZ,温氏转债
110812,0.0,110812.SH,神马定02
123108,0.0,123108.SZ,乐普转2
123109,459503400.0,123109.SZ,昌红转债
123110,0.0,123110.SZ,九典转债
123111,0.0,123111.SZ,东财转3
113623,0.0,113623.SH,凤21转债
123112,226454900.0,123112.SZ,万讯转债
113047,0.0,113047.SH,旗滨转债
110080,0.0,110080.SH,东湖转债
127032,0.0,127032.SZ,苏行转债
127033,9180800.0,127033.SZ,中装转2
123113,1024819300.0,123113.SZ,仙乐转债
113048,1545305011.48,113048.SH,晶科转债
113624,71384828.3,113624.SH,正川转债
127034,427889000.0,127034.SZ,绿茵转债
111000,999119032.13,111000.SH,起帆转债
123114,899889800.0,123114.SZ,三角转债
127035,0.0,127035.SZ,濮耐转债
127036,0.0,127036.SZ,三花转债
127037,505520700.0,127037.SZ,银轮转债
123115,0.0,123115.SZ,捷捷转债
123116,0.0,123116.SZ,万兴转债
113049,3495039000.0,113049.SH,长汽转债
127038,1491495400.0,127038.SZ,国微转债
113625,582531000.0,113625.SH,江山转债
113050,0.0,113050.SH,南银转债
113051,2651937006.67,113051.SH,节能转债
124021,0.0,124021.SZ,北新定02
124022,0.0,124022.SZ,楚天定转
123117,999830200.0,123117.SZ,健帆转债
113626,0.0,113626.SH,伯特转债
127039,0.0,127039.SZ,北港转债
127040,3986259900.0,127040.SZ,国泰转债
123118,65409400.0,123118.SZ,惠城转债
127041,0.0,127041.SZ,弘亚转债
123119,1998976900.0,123119.SZ,康泰转2
113627,799745000.0,113627.SH,太平转债
118001,0.0,118001.SH,金博转债
110081,7206666526.12,110081.SH,闻泰转债
123120,0.0,123120.SZ,隆华转债
123121,0.0,123121.SZ,帝尔转债
123122,580082300.0,123122.SZ,富瀚转债
127042,0.0,127042.SZ,嘉美转债
123123,0.0,123123.SZ,江丰转债
127043,0.0,127043.SZ,川恒转债
118002,0.0,118002.SH,天合转债
123124,522423400.0,123124.SZ,晶瑞转2
127045,9542947400.0,127045.SZ,牧原转债
127044,336846700.0,127044.SZ,蒙娜转债
113628,0.0,113628.SH,晨丰转债
123125,0.0,123125.SZ,元力转债
123126,0.0,123126.SZ,瑞丰转债
113629,0.0,113629.SH,泉峰转债
127046,1127413400.0,127046.SZ,百润转债
110814,0.0,110814.SH,华电定转
127047,465435900.0,127047.SZ,帝欧转债
127048,0.0,127048.SZ,中大转债
113630,0.0,113630.SH,赛伍转债
110082,0.0,110082.SH,宏发转债
123127,0.0,123127.SZ,耐普转债
123128,0.0,123128.SZ,首华转债
127049,8143424000.0,127049.SZ,希望转2
123129,0.0,123129.SZ,锦鸡转债
113631,595766000.0,113631.SH,皖天转债
111001,0.0,111001.SH,山玻转债
110083,0.0,110083.SH,苏租转债
123130,0.0,123130.SZ,设研转债
127050,2086029000.0,127050.SZ,麒麟转债
113632,1644828.76,113632.SH,鹤21转债
127051,0.0,127051.SZ,博杰转债
118003,0.0,118003.SH,华兴转债
113633,1039547000.0,113633.SH,科沃转债
123131,315926400.0,123131.SZ,奥飞转债
113634,750727000.0,113634.SH,珀莱转债
111002,661882000.0,111002.SH,特纸转债
113635,0.0,113635.SH,升21转债
113636,999498000.0,113636.SH,甬金转债
123132,0.0,123132.SZ,回盛转债
123133,719765600.0,123133.SZ,佩蒂转债
113637,0.0,113637.SH,华翔转债
127052,0.0,127052.SZ,西子转债
110084,815726010.9,110084.SH,贵燃转债
113052,41351824118.92,113052.SH,兴业转债
123134,0.0,123134.SZ,卡倍转债
123135,0.0,123135.SZ,泰林转债
113638,599728000.0,113638.SH,台21转债
118004,0.0,118004.SH,博瑞转债
113053,6994610000.0,113053.SH,隆22转债
123136,0.0,123136.SZ,城市转债
113639,0.0,113639.SH,华正转债
127053,257493700.0,127053.SZ,豪美转债
118005,829932000.0,118005.SH,天奈转债
123137,0.0,123137.SZ,锦浪转债
127054,513597400.0,127054.SZ,双箭转债
113640,738953000.0,113640.SH,苏利转债
127055,208101800.0,127055.SZ,精装转债
113641,0.0,113641.SH,华友转债
110085,11983082031.2,110085.SH,通22转债
113054,2359857000.0,113054.SH,绿动转债
127056,4999609200.0,127056.SZ,中特转债
113642,0.0,113642.SH,上22转债
123138,239337200.0,123138.SZ,丝路转债
113055,0.0,113055.SH,成银转债
127057,0.0,127057.SZ,盘龙转债
111003,203517009.44,111003.SH,聚合转债
123139,0.0,123139.SZ,铂科转债
123140,0.0,123140.SZ,天地转债
123141,0.0,123141.SZ,宏丰转债
118006,0.0,118006.SH,阿拉转债
123142,549364600.0,123142.SZ,申昊转债
127058,0.0,127058.SZ,科伦转债
118007,267151000.0,118007.SH,山石转债
113056,11562827008.48,113056.SH,重银转债
113057,0.0,113057.SH,中银转债
113643,499273005.8,113643.SH,风语转债
113058,1863837000.0,113058.SH,友发转债
111004,671505000.0,111004.SH,明新转债
123143,0.0,123143.SZ,胜蓝转债
127059,379044200.0,127059.SZ,永东转2
123144,599732600.0,123144.SZ,裕兴转债
113646,137167000.0,113646.SH,永吉转债
113644,0.0,113644.SH,艾迪转债
127060,639889500.0,127060.SZ,湘佳转债
127061,2788970300.0,127061.SZ,美锦转债
123145,0.0,123145.SZ,药石转债
127062,395743000.0,127062.SZ,垒知转债
113647,1466857000.0,113647.SH,禾丰转债
127063,0.0,127063.SZ,贵轮转债
110086,1999915000.0,110086.SH,精工转债
113648,899726007.92,113648.SH,巨星转债
123146,0.0,123146.SZ,中环转2
127064,1136395300.0,127064.SZ,杭氧转债
113059,3999871002.56,113059.SH,福莱转债
123147,0.0,123147.SZ,中辰转债
113060,0.0,113060.SH,浙22转债
123148,0.0,123148.SZ,上能转债
123149,1106888100.0,123149.SZ,通裕转债
127065,0.0,127065.SZ,瑞鹄转债
111005,0.0,111005.SH,富春转债
110087,2997506003.2,110087.SH,天业转债
118008,0.0,118008.SH,海优转债
118009,0.0,118009.SH,华锐转债
113649,457734000.0,113649.SH,丰山转债
118010,439939000.0,118010.SH,洁特转债
123150,1121022100.0,123150.SZ,九强转债
123151,699794700.0,123151.SZ,康医转债
113650,799558000.0,113650.SH,博22转债
118011,2612438.5,118011.SH,银微转债
118012,499581000.0,118012.SH,微芯转债
118013,1279618001.64,118013.SH,道通转债
127066,0.0,127066.SZ,科利转债
113061,0.0,113061.SH,拓普转债
118014,0.0,118014.SH,高测转债
113651,0.0,113651.SH,松霖转债
118015,409951000.0,118015.SH,芯海转债
123153,0.0,123153.SZ,英力转债
123152,0.0,123152.SZ,润禾转债
127067,2940363900.0,127067.SZ,恒逸转2
113652,1476620000.0,113652.SH,伟22转债
113653,0.0,113653.SH,永22转债
113654,0.0,113654.SH,永02转债
113655,1999906000.0,113655.SH,欧22转债
118016,167500000.0,118016.SH,京源转债
123154,528859000.0,123154.SZ,火星转债
118017,0.0,118017.SH,深科转债
111006,0.0,111006.SH,嵘泰转债
127068,829963400.0,127068.SZ,顺博转债
127069,504052800.0,127069.SZ,小熊转债
123155,359964700.0,123155.SZ,中陆转债
123156,0.0,123156.SZ,博汇转债
127070,934221900.0,127070.SZ,大中转债
118018,0.0,118018.SH,瑞科转债
127071,0.0,127071.SZ,天箭转债
123157,234034400.0,123157.SZ,科蓝转债
113656,799872219.45,113656.SH,嘉诚转债
110088,0.0,110088.SH,淮22转债
113062,5999424005.0,113062.SH,常银转债
113658,557539801.6,113658.SH,密卫转债
118019,0.0,118019.SH,金盘转债
110089,0.0,110089.SH,兴发转债
127072,449819100.0,127072.SZ,博实转债
110090,1569604005.3,110090.SH,爱迪转债
118020,641673000.0,118020.SH,芳源转债
127073,0.0,127073.SZ,天赐转债
123158,1804598900.0,123158.SZ,宙邦转债
118021,0.0,118021.SH,新致转债
123159,0.0,123159.SZ,崧盛转债
123160,231453400.0,123160.SZ,泰福转债
113657,0.0,113657.SH,再22转债
118022,3249781025.92,118022.SH,锂科转债
111007,0.0,111007.SH,永和转债
123161,0.0,123161.SZ,强联转债
118023,0.0,118023.SH,广大转债
127074,0.0,127074.SZ,麦米转2
113659,1199810016.68,113659.SH,莱克转债
123163,0.0,123163.SZ,金沃转债
123162,0.0,123162.SZ,东杰转债
127075,0.0,127075.SZ,百川转2
123164,0.0,123164.SZ,法本转债
118025,0.0,118025.SH,奕瑞转债
118026,0.0,118026.SH,利元转债
118024,3088929000.0,118024.SH,冠宇转债
127076,0.0,127076.SZ,中宠转2
123165,849728800.0,123165.SZ,回天转债
113063,0.0,113063.SH,赛轮转债
111008,0.0,111008.SH,沿浦转债
123166,0.0,123166.SZ,蒙泰转债
111009,701045000.0,111009.SH,盛泰转债
111010,0.0,111010.SH,立昂转债
113064,0.0,113064.SH,东材转债
113660,397688000.0,113660.SH,寿22转债
123167,0.0,123167.SZ,商络转债
113661,3029742000.0,113661.SH,福22转债
123168,489909900.0,123168.SZ,惠云转债
123169,0.0,123169.SZ,正海转债
123170,0.0,123170.SZ,南电转债
113662,0.0,113662.SH,豪能转债
113663,0.0,113663.SH,新化转债
123171,379887800.0,123171.SZ,共同转债
118027,947466151.36,118027.SH,宏图转债
113065,0.0,113065.SH,齐鲁转债
127077,0.0,127077.SZ,华宏转债
113664,0.0,113664.SH,大元转债
118028,0.0,118028.SH,会通转债
110091,0.0,110091.SH,合力转债
127078,415826600.0,127078.SZ,优彩转债
118029,0.0,118029.SH,富淼转债
123172,796004100.0,123172.SZ,漱玉转债
113665,359626001.48,113665.SH,汇通转债
127079,0.0,127079.SZ,华亚转债
118030,1262253033.75,118030.SH,睿创转债
123173,233050500.0,123173.SZ,恒锋转债
127080,279306500.0,127080.SZ,声迅转债
111011,0.0,111011.SH,冠盛转债
111012,101632007.97,111012.SH,福新转债
110092,2118502007.66,110092.SH,三房转债
118031,5851156008.0,118031.SH,天23转债
123174,0.0,123174.SZ,精锻转债
123175,419870300.0,123175.SZ,百畅转债
113666,1999494072.26,113666.SH,爱玛转债
123176,1275291300.0,123176.SZ,精测转2
123177,0.0,123177.SZ,测绘转债
127081,0.0,127081.SZ,中旗转债
123178,1157961000.0,123178.SZ,花园转债
123179,949937100.0,123179.SZ,立高转债
111013,0.0,111013.SH,新港转债
118032,699887000.26,118032.SH,建龙转债
123180,319673300.0,123180.SZ,浙矿转债
127082,1158538400.0,127082.SZ,亚科转债
110816,0.0,110816.SH,九丰定02
110093,2219845000.0,110093.SH,神马转债
113066,1427512000.0,113066.SH,平煤转债
113667,569637005.35,113667.SH,春23转债
123181,0.0,123181.SZ,亚康转债
118033,0.0,118033.SH,华特转债
123182,0.0,123182.SZ,广联转债
123184,0.0,123184.SZ,天阳转债
123183,632878200.0,123183.SZ,海顺转债
127083,4835889600.0,127083.SZ,山路转债
113668,0.0,113668.SH,鹿山转债
127084,2480940100.0,127084.SZ,柳工转2
123185,0.0,123185.SZ,能辉转债
123186,0.0,123186.SZ,志特转债
123187,224184000.0,123187.SZ,超达转债
113669,0.0,113669.SH,景23转债
123188,196494100.0,123188.SZ,水羊转债
123189,328627100.0,123189.SZ,晓鸣转债
123190,0.0,123190.SZ,道氏转02
123191,0.0,123191.SZ,智尚转债
127085,2449880700.0,127085.SZ,韵达转债
123193,599743400.0,123193.SZ,海能转债
123192,718675500.0,123192.SZ,科思转债
123194,845923100.0,123194.SZ,百洋转债
123195,545777300.0,123195.SZ,蓝晓转02
113670,769990000.0,113670.SH,金23转债
123196,350149000.0,123196.SZ,正元转02
118034,8322147003.05,118034.SH,晶能转债
110815,235478700.0,110815.SH,九丰定01
123197,0.0,123197.SZ,光力转债
123198,0.0,123198.SZ,金埔转债
118035,479880117.07,118035.SH,国力转债
127086,0.0,127086.SZ,恒邦转债
123199,319724800.0,123199.SZ,山河转债
127087,0.0,127087.SZ,星帅转2
111014,599923000.0,111014.SH,李子转债
123201,0.0,123201.SZ,纽泰转债
123200,0.0,123200.SZ,海泰转债
118036,379962000.0,118036.SH,力合转债
127088,599606500.0,127088.SZ,赫达转债
123203,0.0,123203.SZ,明电转02
123202,0.0,123202.SZ,祥源转债
111015,666214000.0,111015.SH,东亚转债
118037,467950000.0,118037.SH,上声转债
113671,309302000.0,113671.SH,武进转债
123204,0.0,123204.SZ,金丹转债
118038,0.0,118038.SH,金宏转债
123205,0.0,123205.SZ,大叶转债
110094,0.0,110094.SH,众和转债
113672,0.0,113672.SH,福蓉转债
113673,907839000.0,113673.SH,岱美转债
127089,8958794500.0,127089.SZ,晶澳转债
118039,410404007.2,118039.SH,煜邦转债
123206,0.0,123206.SZ,开能转债
113674,399862006.15,113674.SH,华设转债
123207,145526400.0,123207.SZ,冠中转债
123208,0.0,123208.SZ,孩王转债
127090,0.0,127090.SZ,兴瑞转债
118040,0.0,118040.SH,宏微转债
111016,0.0,111016.SH,神通转债
123209,167169900.0,123209.SZ,聚隆转债
123211,306983300.0,123211.SZ,阳谷转债
123210,0.0,123210.SZ,信服转债
113067,2999894000.0,113067.SH,燃23转债
123212,0.0,123212.SZ,立中转债
113068,0.0,113068.SH,金铜转债
123213,325983100.0,123213.SZ,天源转债
123214,454866000.0,123214.SZ,东宝转债
118041,0.0,118041.SH,星球转债
123215,855543700.0,123215.SZ,铭利转债
123216,2195925400.0,123216.SZ,科顺转债
110095,1400632000.0,110095.SH,双良转债
123217,0.0,123217.SZ,富仕转债
118042,1139918000.0,118042.SH,奥维转债
123218,0.0,123218.SZ,宏昌转债
113675,0.0,113675.SH,新23转债
123219,0.0,123219.SZ,宇瞳转债
118043,0.0,118043.SH,福立转债
111017,671534000.0,111017.SH,蓝天转债
113676,0.0,113676.SH,荣23转债
123220,290746800.0,123220.SZ,易瑞转债
127091,0.0,127091.SZ,科数转债
123221,0.0,123221.SZ,力诺转债
123222,243820200.0,123222.SZ,博俊转债
118044,441973000.0,118044.SH,赛特转债
124023,0.0,124023.SZ,铜陵定转
118045,0.0,118045.SH,盟升转债
113677,1048965026.84,113677.SH,华懋转债
123223,205275200.0,123223.SZ,九典转02
123224,284795900.0,123224.SZ,宇邦转债
127092,524973500.0,127092.SZ,运机转债
124024,0.0,124024.SZ,铜陵定02
123225,558454100.0,123225.SZ,翔丰转债
123226,0.0,123226.SZ,中富转债
127093,242458200.0,127093.SZ,章鼓转债
127094,0.0,127094.SZ,红墙转债
127095,692738700.0,127095.SZ,广泰转债
113678,510590061.05,113678.SH,中贝转债
123227,0.0,123227.SZ,雅创转债
123228,0.0,123228.SZ,震裕转债
123229,177946800.0,123229.SZ,艾录转债
127096,287457300.0,127096.SZ,泰坦转债
113679,879852000.0,113679.SH,芯能转债
127097,0.0,127097.SZ,三羊转债
123230,0.0,123230.SZ,金钟转债
123231,0.0,123231.SZ,信测转债
113680,299845000.0,113680.SH,丽岛转债
127098,469262200.0,127098.SZ,欧晶转债
123232,0.0,123232.SZ,金现转债
123233,0.0,123233.SZ,凯盛转债
127099,454067000.0,127099.SZ,盛航转债
123234,0.0,123234.SZ,中能转债
118046,0.0,118046.SH,诺泰转债
123235,435265300.0,123235.SZ,亿田转债
127100,0.0,127100.SZ,神码转债
113069,0.0,113069.SH,博23转债
127101,0.0,127101.SZ,豪鹏转债
123236,0.0,123236.SZ,家联转债
111018,1302213010.48,111018.SH,华康转债
127102,995078200.0,127102.SZ,浙建转债
113681,547595024.45,113681.SH,镇洋转债
127103,1999870000.0,127103.SZ,东南转债
123237,431447700.0,123237.SZ,佳禾转债
123238,0.0,123238.SZ,卡倍转02
123239,0.0,123239.SZ,锋工转债
127104,582253800.0,127104.SZ,姚记转债
123240,0.0,123240.SZ,楚天转债
127105,754109200.0,127105.SZ,龙星转债
113682,1797232000.0,113682.SH,益丰转债
113683,0.0,113683.SH,伟24转债
113684,0.0,113684.SH,湘泵转债
111019,0.0,111019.SH,宏柏转债
113685,0.0,113685.SH,升24转债
113686,336336000.0,113686.SH,泰瑞转债
118048,0.0,118048.SH,利扬转债
123241,260474500.0,123241.SZ,欧通转债
123242,0.0,123242.SZ,赛龙转债
123243,260720300.0,123243.SZ,严牌转债
113687,0.0,113687.SH,振华转债
111020,337980000.0,111020.SH,合顺转债
111021,812086000.0,111021.SH,奥锐转债
123244,0.0,123244.SZ,松原转债
118049,0.0,118049.SH,汇成转债
110096,0.0,110096.SH,豫光转债
127106,0.0,127106.SZ,伟隆转债
123245,153742400.0,123245.SZ,集智转债
123247,1964195200.0,123247.SZ,万凯转债
123246,0.0,123246.SZ,远信转债
123248,0.0,123248.SZ,恒辉转债
118050,659682026.38,118050.SH,航宇转债
113688,799746005.25,113688.SH,国检转债
113689,0.0,113689.SH,洛凯转债
113690,0.0,113690.SH,豪24转债
110097,988968000.82,110097.SH,天润转债
123249,0.0,123249.SZ,英搏转债
113691,4599090000.0,113691.SH,和邦转债
113692,1389697000.0,113692.SH,保隆转债
123250,395514500.0,123250.SZ,嘉益转债
118500,100.0,118500.SH,思瑞定转
127107,0.0,127107.SZ,领益转债
118051,821837000.0,118051.SH,皓元转债
123251,29019300.0,123251.SZ,华医转债
110098,1081352000.0,110098.SH,南药转债
123252,784639500.0,123252.SZ,银邦转债
113070,1899849015.68,113070.SH,渝水转债
118052,354186000.0,118052.SH,浩瀚转债
123253,979752400.0,123253.SZ,永贵转债
113693,669981000.0,113693.SH,志邦转债
118053,1040686294.28,118053.SH,正帆转债
123254,0.0,123254.SZ,亿纬转债
127108,2949807900.0,127108.SZ,太能转债
123255,909562400.0,123255.SZ,鼎龙转债
118054,0.0,118054.SH,安集转债
113694,499932000.0,113694.SH,清源转债
118055,0.0,118055.SH,伟测转债
110817,8500000000.0,110817.SH,保利定转
123256,0.0,123256.SZ,恒帅转债
118056,614482031.0,118056.SH,路维转债
127109,486580500.0,127109.SZ,电化转债
123257,1104658200.0,123257.SZ,安克转债
111022,519735007.03,111022.SH,锡振转债
113695,459670000.0,113695.SH,华辰转债
118057,0.0,118057.SH,甬矽转债
113696,2801796046.56,113696.SH,伯25转债
111023,0.0,111023.SH,利柏转债
127110,4899244300.0,127110.SZ,广核转债
124025,168050900.0,124025.SZ,富乐定转
118058,1169948992.9,118058.SH,微导转债
113698,308346000.0,113698.SH,凯众转债
127111,1292354400.0,127111.SZ,金威转债
123258,449835100.0,123258.SZ,胜蓝转02
113697,1499411274.21,113697.SH,应流转债
110818,4800000000.0,110818.SH,华发定转
113699,1999777174.0,113699.SH,金25转债
110099,3801910010.65,110099.SH,福能转债
123259,1676337900.0,123259.SZ,锦浪转02
118059,849873013.6,118059.SH,颀中转债
123260,449936600.0,123260.SZ,卓镁转债
118060,999890000.0,118060.SH,瑞可转债
118061,562206884.95,118061.SH,茂莱转债
145904,80000000.0,145904.SH,25钢研K1
145905,30000000.0,145905.SH,智转债K1
123261,242905400.0,123261.SZ,普联转债
111024,579949099.5,111024.SH,澳弘转债
123262,499933200.0,123262.SZ,神宇转债
118062,871927038.3,118062.SH,天准转债
123263,827512400.0,123263.SZ,鼎捷转债
118063,1671392528.2,118063.SH,金05转债
123264,799988000.0,123264.SZ,双乐转债
118501,430499700.0,118501.SH,华海定转
118064,694874593.55,118064.SH,联瑞转债
123265,449935700.0,123265.SZ,耐普转02
127112,1733967900.0,127112.SZ,尚太转债
110100,1000000000.0,110100.SH,龙建转债
118065,1901320000.0,118065.SH,艾为转债
113700,801000000.0,113700.SH,海天转债
118066,576000000.0,118066.SH,统联转债
113701,400000000.0,113701.SH,祥和转债
127113,758600700.0,127113.SZ,长高转债
118067,324850000.0,118067.SH,上26转债
123266,375000000.0,123266.SZ,博士转债
113702,1500000000.0,113702.SH,斯达转债
123267,750000000.0,123267.SZ,珂玛转债
123268,469000000.0,123268.SZ,本川转债
123269,980000000.0,123269.SZ,金杨转债
123270,405096800.0,123270.SZ,盛德转债
123271,521932700.0,123271.SZ,通合转债
118068,907705000.0,118068.SH,迪威转债
113703,1301020000.0,113703.SH,翔26转债
113704,2178763000.0,113704.SH,春风转债
123272,1039040000.0,123272.SZ,中汽转债
118069,266954000.0,118069.SH,爱科转债
113706,970000000.0,113706.SH,金帝转债
113705,1800000000.0,113705.SH,豪26转债
123273,290000000.0,123273.SZ,三江转债
118070,1586881000.0,118070.SH,南芯转债
118071,749475000.0,118071.SH,华峰转债
110101,3500000000.0,110101.SH,宝钛转债
118072,930000000.0,118072.SH,鼎通转债
111025,2500000000.0,111025.SH,圣泉转债
127114,3300000000.0,127114.SZ,宜化转债
123274,630000000.0,123274.SZ,维科转债
113707,1490740000.0,113707.SH,科博转债
123275,590000000.0,123275.SZ,肇民转债
110102,1185000000.0,110102.SH,江农转债
113708,8000000000.0,113708.SH,曙26转债
118073,551900000.0,118073.SH,赛斯转债
123276,300000000.0,123276.SZ,久吾转02
110103,2000000000.0,110103.SH,申能转债
127115,380000000.0,127115.SZ,炬申转债
118074,1533266000.0,118074.SH,特宝转债
132001,0.0,132001.SH,14宝钢EB
132002,0.0,132002.SH,15天集EB
132003,0.0,132003.SH,15清控EB
132004,0.0,132004.SH,15国盛EB
132005,0.0,132005.SH,15国资EB
120001,0.0,120001.SZ,16以岭EB
132006,0.0,132006.SH,16皖新EB
132007,0.0,132007.SH,16凤凰EB
132008,0.0,132008.SH,17山高EB
132009,0.0,132009.SH,17中油EB
132010,0.0,132010.SH,17桐昆EB
132011,0.0,132011.SH,17浙报EB
132012,0.0,132012.SH,17巨化EB
132013,0.0,132013.SH,17宝武EB
132015,0.0,132015.SH,18中油EB
132014,0.0,132014.SH,18中化EB
120002,0.0,120002.SZ,18中原EB
132016,0.0,132016.SH,19东创EB
132018,0.0,132018.SH,G三峡EB1
132017,0.0,132017.SH,19新钢EB
132020,0.0,132020.SH,19蓝星EB
132021,0.0,132021.SH,19中电EB
120003,0.0,120003.SZ,19华菱EB
120004,0.0,120004.SZ,20华菱EB
132022,0.0,132022.SH,20广版EB
132026,9556405450.0,132026.SH,G三峡EB2
132024,5000000000.0,132024.SH,26江铜EB
